CDU_ID,GEO_CODE,GEO_LABEL,GEO_TYPE,GEO_TYP2,Dependent children : With dependent children - Long-term health problem or disability; number of people : 1 person in household with a long-term health problem or disability - Unit : Households,Dependent children : No dependent children - Long-term health problem or disability; number of people : 1 person in household with a long-term health problem or disability - Unit : Households
30210,E01011264,Leeds 011A,Lower Super Output Areas and Data Zones,LSOADZ,29,134
30211,E01011265,Leeds 009A,Lower Super Output Areas and Data Zones,LSOADZ,28,169
30212,E01011266,Leeds 008A,Lower Super Output Areas and Data Zones,LSOADZ,29,81
30213,E01011267,Leeds 009B,Lower Super Output Areas and Data Zones,LSOADZ,28,191
30214,E01011268,Leeds 010A,Lower Super Output Areas and Data Zones,LSOADZ,38,150
30215,E01011269,Leeds 011B,Lower Super Output Areas and Data Zones,LSOADZ,23,199
30216,E01011270,Leeds 008B,Lower Super Output Areas and Data Zones,LSOADZ,20,114
30217,E01011271,Leeds 009C,Lower Super Output Areas and Data Zones,LSOADZ,37,133
30218,E01011272,Leeds 009D,Lower Super Output Areas and Data Zones,LSOADZ,23,77
30219,E01011273,Leeds 010B,Lower Super Output Areas and Data Zones,LSOADZ,22,128
30220,E01011274,Leeds 010C,Lower Super Output Areas and Data Zones,LSOADZ,41,186
30221,E01011275,Leeds 010D,Lower Super Output Areas and Data Zones,LSOADZ,30,146
30222,E01011276,Leeds 011C,Lower Super Output Areas and Data Zones,LSOADZ,26,99
30223,E01011277,Leeds 014A,Lower Super Output Areas and Data Zones,LSOADZ,21,73
30224,E01011278,Leeds 014B,Lower Super Output Areas and Data Zones,LSOADZ,24,123
30225,E01011279,Leeds 008C,Lower Super Output Areas and Data Zones,LSOADZ,21,115
30226,E01011280,Leeds 008D,Lower Super Output Areas and Data Zones,LSOADZ,31,115
30227,E01011281,Leeds 059A,Lower Super Output Areas and Data Zones,LSOADZ,33,156
30228,E01011282,Leeds 059B,Lower Super Output Areas and Data Zones,LSOADZ,31,147
30229,E01011283,Leeds 059C,Lower Super Output Areas and Data Zones,LSOADZ,45,131
30230,E01011284,Leeds 071A,Lower Super Output Areas and Data Zones,LSOADZ,33,149
30231,E01011286,Leeds 059D,Lower Super Output Areas and Data Zones,LSOADZ,20,95
30232,E01011287,Leeds 067B,Lower Super Output Areas and Data Zones,LSOADZ,18,113
30233,E01011292,Leeds 071B,Lower Super Output Areas and Data Zones,LSOADZ,24,221
30234,E01011293,Leeds 071C,Lower Super Output Areas and Data Zones,LSOADZ,43,161
30235,E01011294,Leeds 071D,Lower Super Output Areas and Data Zones,LSOADZ,31,120
30236,E01011295,Leeds 059E,Lower Super Output Areas and Data Zones,LSOADZ,23,135
30237,E01011296,Leeds 030A,Lower Super Output Areas and Data Zones,LSOADZ,26,186
30238,E01011297,Leeds 030B,Lower Super Output Areas and Data Zones,LSOADZ,27,98
30239,E01011298,Leeds 088A,Lower Super Output Areas and Data Zones,LSOADZ,32,149
30240,E01011299,Leeds 088B,Lower Super Output Areas and Data Zones,LSOADZ,38,180
30241,E01011300,Leeds 089A,Lower Super Output Areas and Data Zones,LSOADZ,38,126
30242,E01011301,Leeds 089B,Lower Super Output Areas and Data Zones,LSOADZ,23,98
30243,E01011302,Leeds 088C,Lower Super Output Areas and Data Zones,LSOADZ,14,135
30244,E01011303,Leeds 088D,Lower Super Output Areas and Data Zones,LSOADZ,16,114
30245,E01011304,Leeds 089C,Lower Super Output Areas and Data Zones,LSOADZ,40,188
30246,E01011305,Leeds 089D,Lower Super Output Areas and Data Zones,LSOADZ,30,121
30247,E01011306,Leeds 089E,Lower Super Output Areas and Data Zones,LSOADZ,28,93
30248,E01011307,Leeds 103A,Lower Super Output Areas and Data Zones,LSOADZ,29,142
30249,E01011308,Leeds 103B,Lower Super Output Areas and Data Zones,LSOADZ,21,161
30250,E01011309,Leeds 030C,Lower Super Output Areas and Data Zones,LSOADZ,29,119
30251,E01011310,Leeds 030D,Lower Super Output Areas and Data Zones,LSOADZ,22,143
30252,E01011311,Leeds 022A,Lower Super Output Areas and Data Zones,LSOADZ,14,60
30253,E01011312,Leeds 086A,Lower Super Output Areas and Data Zones,LSOADZ,43,112
30254,E01011313,Leeds 091A,Lower Super Output Areas and Data Zones,LSOADZ,39,99
30255,E01011314,Leeds 091B,Lower Super Output Areas and Data Zones,LSOADZ,22,95
30256,E01011315,Leeds 090A,Lower Super Output Areas and Data Zones,LSOADZ,27,121
30257,E01011316,Leeds 086B,Lower Super Output Areas and Data Zones,LSOADZ,41,137
30258,E01011317,Leeds 090B,Lower Super Output Areas and Data Zones,LSOADZ,55,222
30259,E01011318,Leeds 090C,Lower Super Output Areas and Data Zones,LSOADZ,51,145
30260,E01011319,Leeds 091C,Lower Super Output Areas and Data Zones,LSOADZ,33,122
30261,E01011320,Leeds 091D,Lower Super Output Areas and Data Zones,LSOADZ,31,128
30262,E01011321,Leeds 090D,Lower Super Output Areas and Data Zones,LSOADZ,56,143
30263,E01011322,Leeds 091E,Lower Super Output Areas and Data Zones,LSOADZ,32,129
30264,E01011323,Leeds 051A,Lower Super Output Areas and Data Zones,LSOADZ,15,176
30265,E01011324,Leeds 046A,Lower Super Output Areas and Data Zones,LSOADZ,38,110
30266,E01011325,Leeds 046B,Lower Super Output Areas and Data Zones,LSOADZ,24,135
30267,E01011326,Leeds 046C,Lower Super Output Areas and Data Zones,LSOADZ,34,135
30268,E01011327,Leeds 052A,Lower Super Output Areas and Data Zones,LSOADZ,27,129
30269,E01011328,Leeds 052B,Lower Super Output Areas and Data Zones,LSOADZ,35,176
30270,E01011329,Leeds 051B,Lower Super Output Areas and Data Zones,LSOADZ,16,129
30271,E01011330,Leeds 051C,Lower Super Output Areas and Data Zones,LSOADZ,22,105
30272,E01011331,Leeds 058A,Lower Super Output Areas and Data Zones,LSOADZ,16,132
30273,E01011332,Leeds 046D,Lower Super Output Areas and Data Zones,LSOADZ,32,128
30274,E01011333,Leeds 051D,Lower Super Output Areas and Data Zones,LSOADZ,21,140
30275,E01011334,Leeds 058B,Lower Super Output Areas and Data Zones,LSOADZ,26,124
30276,E01011335,Leeds 052C,Lower Super Output Areas and Data Zones,LSOADZ,32,131
30277,E01011336,Leeds 058C,Lower Super Output Areas and Data Zones,LSOADZ,48,268
30278,E01011337,Leeds 058D,Lower Super Output Areas and Data Zones,LSOADZ,56,79
30279,E01011338,Leeds 064A,Lower Super Output Areas and Data Zones,LSOADZ,49,175
30280,E01011339,Leeds 060A,Lower Super Output Areas and Data Zones,LSOADZ,40,236
30281,E01011340,Leeds 060B,Lower Super Output Areas and Data Zones,LSOADZ,36,175
30282,E01011341,Leeds 061A,Lower Super Output Areas and Data Zones,LSOADZ,29,128
30283,E01011342,Leeds 060C,Lower Super Output Areas and Data Zones,LSOADZ,34,126
30284,E01011343,Leeds 061B,Lower Super Output Areas and Data Zones,LSOADZ,29,190
30285,E01011344,Leeds 065A,Lower Super Output Areas and Data Zones,LSOADZ,56,177
30286,E01011345,Leeds 061C,Lower Super Output Areas and Data Zones,LSOADZ,48,175
30287,E01011346,Leeds 060D,Lower Super Output Areas and Data Zones,LSOADZ,45,249
30288,E01011347,Leeds 065B,Lower Super Output Areas and Data Zones,LSOADZ,42,156
30289,E01011348,Leeds 065C,Lower Super Output Areas and Data Zones,LSOADZ,42,140
30290,E01011349,Leeds 065D,Lower Super Output Areas and Data Zones,LSOADZ,33,329
30291,E01011350,Leeds 034A,Lower Super Output Areas and Data Zones,LSOADZ,21,124
30292,E01011351,Leeds 034B,Lower Super Output Areas and Data Zones,LSOADZ,12,139
30293,E01011352,Leeds 034C,Lower Super Output Areas and Data Zones,LSOADZ,14,157
30294,E01011353,Leeds 034D,Lower Super Output Areas and Data Zones,LSOADZ,26,97
30295,E01011354,Leeds 038A,Lower Super Output Areas and Data Zones,LSOADZ,41,147
30296,E01011355,Leeds 038B,Lower Super Output Areas and Data Zones,LSOADZ,46,157
30297,E01011356,Leeds 042A,Lower Super Output Areas and Data Zones,LSOADZ,41,152
30298,E01011357,Leeds 038C,Lower Super Output Areas and Data Zones,LSOADZ,58,208
30299,E01011358,Leeds 042B,Lower Super Output Areas and Data Zones,LSOADZ,36,217
30300,E01011359,Leeds 042C,Lower Super Output Areas and Data Zones,LSOADZ,34,152
30301,E01011360,Leeds 042D,Lower Super Output Areas and Data Zones,LSOADZ,71,124
30302,E01011361,Leeds 042E,Lower Super Output Areas and Data Zones,LSOADZ,75,253
30303,E01011362,Leeds 081A,Lower Super Output Areas and Data Zones,LSOADZ,34,229
30304,E01011363,Leeds 071E,Lower Super Output Areas and Data Zones,LSOADZ,45,164
30305,E01011364,Leeds 085A,Lower Super Output Areas and Data Zones,LSOADZ,37,187
30306,E01011366,Leeds 082A,Lower Super Output Areas and Data Zones,LSOADZ,41,187
30307,E01011368,Leeds 082C,Lower Super Output Areas and Data Zones,LSOADZ,28,157
30308,E01011369,Leeds 090E,Lower Super Output Areas and Data Zones,LSOADZ,33,198
30309,E01011370,Leeds 082D,Lower Super Output Areas and Data Zones,LSOADZ,36,122
30310,E01011371,Leeds 085B,Lower Super Output Areas and Data Zones,LSOADZ,27,273
30311,E01011372,Leeds 086C,Lower Super Output Areas and Data Zones,LSOADZ,48,103
30312,E01011373,Leeds 085C,Lower Super Output Areas and Data Zones,LSOADZ,52,120
30313,E01011374,Leeds 085D,Lower Super Output Areas and Data Zones,LSOADZ,24,111
30314,E01011375,Leeds 086D,Lower Super Output Areas and Data Zones,LSOADZ,59,117
30315,E01011376,Leeds 013A,Lower Super Output Areas and Data Zones,LSOADZ,20,138
30316,E01011377,Leeds 013B,Lower Super Output Areas and Data Zones,LSOADZ,13,155
30317,E01011378,Leeds 013C,Lower Super Output Areas and Data Zones,LSOADZ,26,200
30318,E01011379,Leeds 017A,Lower Super Output Areas and Data Zones,LSOADZ,34,233
30319,E01011380,Leeds 016A,Lower Super Output Areas and Data Zones,LSOADZ,15,116
30320,E01011381,Leeds 016B,Lower Super Output Areas and Data Zones,LSOADZ,16,88
30321,E01011382,Leeds 013D,Lower Super Output Areas and Data Zones,LSOADZ,24,123
30322,E01011383,Leeds 019A,Lower Super Output Areas and Data Zones,LSOADZ,30,189
30323,E01011384,Leeds 017B,Lower Super Output Areas and Data Zones,LSOADZ,25,142
30324,E01011385,Leeds 016C,Lower Super Output Areas and Data Zones,LSOADZ,19,109
30325,E01011386,Leeds 016D,Lower Super Output Areas and Data Zones,LSOADZ,18,116
30326,E01011388,Leeds 019B,Lower Super Output Areas and Data Zones,LSOADZ,20,162
30327,E01011390,Leeds 087A,Lower Super Output Areas and Data Zones,LSOADZ,33,152
30328,E01011391,Leeds 087B,Lower Super Output Areas and Data Zones,LSOADZ,32,214
30329,E01011392,Leeds 087C,Lower Super Output Areas and Data Zones,LSOADZ,21,174
30330,E01011393,Leeds 103C,Lower Super Output Areas and Data Zones,LSOADZ,34,164
30331,E01011394,Leeds 103D,Lower Super Output Areas and Data Zones,LSOADZ,23,108
30332,E01011395,Leeds 103E,Lower Super Output Areas and Data Zones,LSOADZ,27,68
30333,E01011396,Leeds 074A,Lower Super Output Areas and Data Zones,LSOADZ,29,180
30334,E01011397,Leeds 077A,Lower Super Output Areas and Data Zones,LSOADZ,23,117
30335,E01011398,Leeds 077B,Lower Super Output Areas and Data Zones,LSOADZ,18,66
30336,E01011399,Leeds 074B,Lower Super Output Areas and Data Zones,LSOADZ,38,126
30337,E01011400,Leeds 074C,Lower Super Output Areas and Data Zones,LSOADZ,24,130
30338,E01011401,Leeds 077C,Lower Super Output Areas and Data Zones,LSOADZ,22,99
30339,E01011402,Leeds 087D,Lower Super Output Areas and Data Zones,LSOADZ,26,200
30340,E01011403,Leeds 074D,Lower Super Output Areas and Data Zones,LSOADZ,14,177
30341,E01011404,Leeds 077D,Lower Super Output Areas and Data Zones,LSOADZ,21,98
30342,E01011405,Leeds 077E,Lower Super Output Areas and Data Zones,LSOADZ,22,164
30343,E01011406,Leeds 057A,Lower Super Output Areas and Data Zones,LSOADZ,20,129
30344,E01011407,Leeds 057B,Lower Super Output Areas and Data Zones,LSOADZ,23,151
30345,E01011408,Leeds 057C,Lower Super Output Areas and Data Zones,LSOADZ,25,245
30346,E01011409,Leeds 057D,Lower Super Output Areas and Data Zones,LSOADZ,20,138
30347,E01011410,Leeds 057E,Lower Super Output Areas and Data Zones,LSOADZ,18,149
30348,E01011411,Leeds 073A,Lower Super Output Areas and Data Zones,LSOADZ,23,129
30349,E01011412,Leeds 057F,Lower Super Output Areas and Data Zones,LSOADZ,18,150
30350,E01011413,Leeds 069A,Lower Super Output Areas and Data Zones,LSOADZ,27,100
30351,E01011414,Leeds 073B,Lower Super Output Areas and Data Zones,LSOADZ,18,101
30352,E01011415,Leeds 069B,Lower Super Output Areas and Data Zones,LSOADZ,27,132
30353,E01011416,Leeds 069C,Lower Super Output Areas and Data Zones,LSOADZ,23,116
30354,E01011417,Leeds 069D,Lower Super Output Areas and Data Zones,LSOADZ,25,185
30355,E01011418,Leeds 073C,Lower Super Output Areas and Data Zones,LSOADZ,24,97
30356,E01011419,Leeds 073D,Lower Super Output Areas and Data Zones,LSOADZ,18,82
30357,E01011420,Leeds 069E,Lower Super Output Areas and Data Zones,LSOADZ,14,181
30358,E01011421,Leeds 040A,Lower Super Output Areas and Data Zones,LSOADZ,39,174
30359,E01011422,Leeds 048A,Lower Super Output Areas and Data Zones,LSOADZ,40,66
30360,E01011423,Leeds 047A,Lower Super Output Areas and Data Zones,LSOADZ,41,132
30361,E01011424,Leeds 047B,Lower Super Output Areas and Data Zones,LSOADZ,52,79
30362,E01011425,Leeds 040B,Lower Super Output Areas and Data Zones,LSOADZ,25,115
30363,E01011426,Leeds 048B,Lower Super Output Areas and Data Zones,LSOADZ,59,90
30364,E01011427,Leeds 047C,Lower Super Output Areas and Data Zones,LSOADZ,73,99
30365,E01011428,Leeds 048C,Lower Super Output Areas and Data Zones,LSOADZ,48,98
30366,E01011429,Leeds 048D,Lower Super Output Areas and Data Zones,LSOADZ,60,152
30367,E01011430,Leeds 053A,Lower Super Output Areas and Data Zones,LSOADZ,36,60
30368,E01011431,Leeds 047D,Lower Super Output Areas and Data Zones,LSOADZ,60,192
30369,E01011432,Leeds 053B,Lower Super Output Areas and Data Zones,LSOADZ,41,78
30370,E01011433,Leeds 053C,Lower Super Output Areas and Data Zones,LSOADZ,43,107
30371,E01011434,Leeds 053D,Lower Super Output Areas and Data Zones,LSOADZ,38,88
30372,E01011435,Leeds 044A,Lower Super Output Areas and Data Zones,LSOADZ,2,63
30373,E01011440,Leeds 044D,Lower Super Output Areas and Data Zones,LSOADZ,6,101
30374,E01011441,Leeds 044E,Lower Super Output Areas and Data Zones,LSOADZ,13,87
30375,E01011442,Leeds 110A,Lower Super Output Areas and Data Zones,LSOADZ,4,69
30376,E01011443,Leeds 110B,Lower Super Output Areas and Data Zones,LSOADZ,3,63
30377,E01011444,Leeds 110C,Lower Super Output Areas and Data Zones,LSOADZ,9,77
30378,E01011445,Leeds 054A,Lower Super Output Areas and Data Zones,LSOADZ,4,36
30379,E01011446,Leeds 054B,Lower Super Output Areas and Data Zones,LSOADZ,8,56
30380,E01011447,Leeds 054C,Lower Super Output Areas and Data Zones,LSOADZ,11,53
30381,E01011448,Leeds 054D,Lower Super Output Areas and Data Zones,LSOADZ,16,82
30382,E01011449,Leeds 054E,Lower Super Output Areas and Data Zones,LSOADZ,13,99
30383,E01011450,Leeds 038D,Lower Super Output Areas and Data Zones,LSOADZ,25,124
30384,E01011451,Leeds 110D,Lower Super Output Areas and Data Zones,LSOADZ,4,77
30385,E01011452,Leeds 027A,Lower Super Output Areas and Data Zones,LSOADZ,13,84
30386,E01011453,Leeds 028A,Lower Super Output Areas and Data Zones,LSOADZ,14,123
30387,E01011454,Leeds 027B,Lower Super Output Areas and Data Zones,LSOADZ,14,87
30388,E01011455,Leeds 021A,Lower Super Output Areas and Data Zones,LSOADZ,14,85
30389,E01011456,Leeds 021B,Lower Super Output Areas and Data Zones,LSOADZ,19,122
30390,E01011457,Leeds 027C,Lower Super Output Areas and Data Zones,LSOADZ,19,93
30391,E01011458,Leeds 027D,Lower Super Output Areas and Data Zones,LSOADZ,17,88
30392,E01011459,Leeds 021C,Lower Super Output Areas and Data Zones,LSOADZ,28,164
30393,E01011460,Leeds 028B,Lower Super Output Areas and Data Zones,LSOADZ,25,124
30394,E01011461,Leeds 021D,Lower Super Output Areas and Data Zones,LSOADZ,20,102
30395,E01011462,Leeds 028C,Lower Super Output Areas and Data Zones,LSOADZ,40,137
30396,E01011463,Leeds 028D,Lower Super Output Areas and Data Zones,LSOADZ,39,191
30397,E01011464,Leeds 028E,Lower Super Output Areas and Data Zones,LSOADZ,13,113
30398,E01011465,Leeds 027E,Lower Super Output Areas and Data Zones,LSOADZ,20,212
30399,E01011466,Leeds 094A,Lower Super Output Areas and Data Zones,LSOADZ,32,167
30400,E01011467,Leeds 112A,Lower Super Output Areas and Data Zones,LSOADZ,22,155
30401,E01011468,Leeds 112B,Lower Super Output Areas and Data Zones,LSOADZ,41,225
30402,E01011469,Leeds 094B,Lower Super Output Areas and Data Zones,LSOADZ,16,125
30403,E01011470,Leeds 112C,Lower Super Output Areas and Data Zones,LSOADZ,27,152
30404,E01011471,Leeds 092A,Lower Super Output Areas and Data Zones,LSOADZ,47,166
30405,E01011472,Leeds 092B,Lower Super Output Areas and Data Zones,LSOADZ,42,204
30406,E01011473,Leeds 092C,Lower Super Output Areas and Data Zones,LSOADZ,55,135
30407,E01011474,Leeds 092D,Lower Super Output Areas and Data Zones,LSOADZ,41,163
30408,E01011475,Leeds 094C,Lower Super Output Areas and Data Zones,LSOADZ,48,156
30409,E01011476,Leeds 094D,Lower Super Output Areas and Data Zones,LSOADZ,33,124
30410,E01011477,Leeds 045A,Lower Super Output Areas and Data Zones,LSOADZ,32,175
30411,E01011478,Leeds 056A,Lower Super Output Areas and Data Zones,LSOADZ,16,152
30412,E01011479,Leeds 056B,Lower Super Output Areas and Data Zones,LSOADZ,6,85
30413,E01011480,Leeds 045B,Lower Super Output Areas and Data Zones,LSOADZ,28,124
30414,E01011481,Leeds 056C,Lower Super Output Areas and Data Zones,LSOADZ,16,118
30415,E01011482,Leeds 056D,Lower Super Output Areas and Data Zones,LSOADZ,26,125
30416,E01011483,Leeds 056E,Lower Super Output Areas and Data Zones,LSOADZ,25,149
30417,E01011484,Leeds 033A,Lower Super Output Areas and Data Zones,LSOADZ,52,181
30418,E01011485,Leeds 033B,Lower Super Output Areas and Data Zones,LSOADZ,29,191
30419,E01011488,Leeds 045C,Lower Super Output Areas and Data Zones,LSOADZ,26,122
30420,E01011489,Leeds 045D,Lower Super Output Areas and Data Zones,LSOADZ,36,216
30421,E01011490,Leeds 099A,Lower Super Output Areas and Data Zones,LSOADZ,33,156
30422,E01011491,Leeds 101A,Lower Super Output Areas and Data Zones,LSOADZ,38,149
30423,E01011492,Leeds 101B,Lower Super Output Areas and Data Zones,LSOADZ,59,153
30424,E01011493,Leeds 101C,Lower Super Output Areas and Data Zones,LSOADZ,47,141
30425,E01011494,Leeds 101D,Lower Super Output Areas and Data Zones,LSOADZ,37,125
30426,E01011496,Leeds 100A,Lower Super Output Areas and Data Zones,LSOADZ,25,58
30427,E01011497,Leeds 101E,Lower Super Output Areas and Data Zones,LSOADZ,36,186
30428,E01011499,Leeds 105C,Lower Super Output Areas and Data Zones,LSOADZ,58,132
30429,E01011500,Leeds 105D,Lower Super Output Areas and Data Zones,LSOADZ,27,168
30430,E01011502,Leeds 099C,Lower Super Output Areas and Data Zones,LSOADZ,39,150
30431,E01011504,Leeds 032A,Lower Super Output Areas and Data Zones,LSOADZ,45,213
30432,E01011505,Leeds 025A,Lower Super Output Areas and Data Zones,LSOADZ,37,151
30433,E01011506,Leeds 025B,Lower Super Output Areas and Data Zones,LSOADZ,29,79
30434,E01011507,Leeds 025C,Lower Super Output Areas and Data Zones,LSOADZ,28,123
30435,E01011508,Leeds 024A,Lower Super Output Areas and Data Zones,LSOADZ,34,68
30436,E01011509,Leeds 023A,Lower Super Output Areas and Data Zones,LSOADZ,13,188
30437,E01011510,Leeds 025D,Lower Super Output Areas and Data Zones,LSOADZ,31,302
30438,E01011511,Leeds 023B,Lower Super Output Areas and Data Zones,LSOADZ,25,124
30439,E01011512,Leeds 023C,Lower Super Output Areas and Data Zones,LSOADZ,26,116
30440,E01011513,Leeds 031A,Lower Super Output Areas and Data Zones,LSOADZ,30,127
30441,E01011514,Leeds 025E,Lower Super Output Areas and Data Zones,LSOADZ,19,96
30442,E01011515,Leeds 023D,Lower Super Output Areas and Data Zones,LSOADZ,24,112
30443,E01011516,Leeds 023E,Lower Super Output Areas and Data Zones,LSOADZ,31,105
30444,E01011517,Leeds 024B,Lower Super Output Areas and Data Zones,LSOADZ,31,134
30445,E01011518,Leeds 093A,Lower Super Output Areas and Data Zones,LSOADZ,36,165
30446,E01011519,Leeds 095A,Lower Super Output Areas and Data Zones,LSOADZ,31,144
30447,E01011520,Leeds 096A,Lower Super Output Areas and Data Zones,LSOADZ,16,127
30448,E01011521,Leeds 096B,Lower Super Output Areas and Data Zones,LSOADZ,35,151
30449,E01011522,Leeds 095B,Lower Super Output Areas and Data Zones,LSOADZ,15,102
30450,E01011523,Leeds 096C,Lower Super Output Areas and Data Zones,LSOADZ,31,195
30451,E01011524,Leeds 093B,Lower Super Output Areas and Data Zones,LSOADZ,25,91
30452,E01011525,Leeds 095C,Lower Super Output Areas and Data Zones,LSOADZ,18,107
30453,E01011526,Leeds 093C,Lower Super Output Areas and Data Zones,LSOADZ,24,64
30454,E01011527,Leeds 096D,Lower Super Output Areas and Data Zones,LSOADZ,24,135
30455,E01011528,Leeds 095D,Lower Super Output Areas and Data Zones,LSOADZ,28,80
30456,E01011529,Leeds 096E,Lower Super Output Areas and Data Zones,LSOADZ,33,116
30457,E01011530,Leeds 106A,Lower Super Output Areas and Data Zones,LSOADZ,19,119
30458,E01011531,Leeds 093D,Lower Super Output Areas and Data Zones,LSOADZ,22,188
30459,E01011532,Leeds 095E,Lower Super Output Areas and Data Zones,LSOADZ,22,199
30460,E01011533,Leeds 104A,Lower Super Output Areas and Data Zones,LSOADZ,14,170
30461,E01011534,Leeds 106B,Lower Super Output Areas and Data Zones,LSOADZ,23,137
30462,E01011535,Leeds 108A,Lower Super Output Areas and Data Zones,LSOADZ,22,107
30463,E01011536,Leeds 108B,Lower Super Output Areas and Data Zones,LSOADZ,24,148
30464,E01011537,Leeds 107A,Lower Super Output Areas and Data Zones,LSOADZ,31,242
30465,E01011538,Leeds 107B,Lower Super Output Areas and Data Zones,LSOADZ,25,175
30466,E01011540,Leeds 102B,Lower Super Output Areas and Data Zones,LSOADZ,35,178
30467,E01011541,Leeds 104B,Lower Super Output Areas and Data Zones,LSOADZ,22,295
30468,E01011545,Leeds 104C,Lower Super Output Areas and Data Zones,LSOADZ,27,135
30469,E01011546,Leeds 106C,Lower Super Output Areas and Data Zones,LSOADZ,27,120
30470,E01011547,Leeds 104D,Lower Super Output Areas and Data Zones,LSOADZ,34,217
30471,E01011548,Leeds 106D,Lower Super Output Areas and Data Zones,LSOADZ,25,141
30472,E01011549,Leeds 108C,Lower Super Output Areas and Data Zones,LSOADZ,21,49
30473,E01011550,Leeds 106E,Lower Super Output Areas and Data Zones,LSOADZ,21,83
30474,E01011551,Leeds 107C,Lower Super Output Areas and Data Zones,LSOADZ,26,83
30475,E01011552,Leeds 107D,Lower Super Output Areas and Data Zones,LSOADZ,49,131
30476,E01011553,Leeds 108D,Lower Super Output Areas and Data Zones,LSOADZ,29,92
30477,E01011554,Leeds 012A,Lower Super Output Areas and Data Zones,LSOADZ,19,106
30478,E01011555,Leeds 018A,Lower Super Output Areas and Data Zones,LSOADZ,21,96
30479,E01011556,Leeds 015A,Lower Super Output Areas and Data Zones,LSOADZ,18,137
30480,E01011557,Leeds 015B,Lower Super Output Areas and Data Zones,LSOADZ,27,136
30481,E01011558,Leeds 018B,Lower Super Output Areas and Data Zones,LSOADZ,53,169
30482,E01011559,Leeds 018C,Lower Super Output Areas and Data Zones,LSOADZ,37,173
30483,E01011560,Leeds 018D,Lower Super Output Areas and Data Zones,LSOADZ,56,273
30484,E01011561,Leeds 006A,Lower Super Output Areas and Data Zones,LSOADZ,10,90
30485,E01011562,Leeds 012B,Lower Super Output Areas and Data Zones,LSOADZ,19,112
30486,E01011563,Leeds 012C,Lower Super Output Areas and Data Zones,LSOADZ,16,128
30487,E01011564,Leeds 012D,Lower Super Output Areas and Data Zones,LSOADZ,22,116
30488,E01011565,Leeds 015C,Lower Super Output Areas and Data Zones,LSOADZ,17,124
30489,E01011566,Leeds 015D,Lower Super Output Areas and Data Zones,LSOADZ,27,111
30490,E01011567,Leeds 012E,Lower Super Output Areas and Data Zones,LSOADZ,16,104
30491,E01011568,Leeds 015E,Lower Super Output Areas and Data Zones,LSOADZ,22,172
30492,E01011569,Leeds 004A,Lower Super Output Areas and Data Zones,LSOADZ,21,166
30493,E01011570,Leeds 007A,Lower Super Output Areas and Data Zones,LSOADZ,41,161
30494,E01011571,Leeds 004B,Lower Super Output Areas and Data Zones,LSOADZ,16,179
30495,E01011572,Leeds 004C,Lower Super Output Areas and Data Zones,LSOADZ,18,133
30496,E01011573,Leeds 004D,Lower Super Output Areas and Data Zones,LSOADZ,16,94
30497,E01011574,Leeds 004E,Lower Super Output Areas and Data Zones,LSOADZ,20,219
30498,E01011576,Leeds 007C,Lower Super Output Areas and Data Zones,LSOADZ,21,106
30499,E01011578,Leeds 011D,Lower Super Output Areas and Data Zones,LSOADZ,21,141
30500,E01011579,Leeds 014C,Lower Super Output Areas and Data Zones,LSOADZ,16,88
30501,E01011580,Leeds 014D,Lower Super Output Areas and Data Zones,LSOADZ,14,115
30502,E01011581,Leeds 003A,Lower Super Output Areas and Data Zones,LSOADZ,34,138
30503,E01011582,Leeds 003B,Lower Super Output Areas and Data Zones,LSOADZ,40,217
30504,E01011583,Leeds 003C,Lower Super Output Areas and Data Zones,LSOADZ,28,113
30505,E01011584,Leeds 003D,Lower Super Output Areas and Data Zones,LSOADZ,16,100
30506,E01011585,Leeds 062A,Lower Super Output Areas and Data Zones,LSOADZ,22,158
30507,E01011586,Leeds 066A,Lower Super Output Areas and Data Zones,LSOADZ,39,125
30508,E01011587,Leeds 062B,Lower Super Output Areas and Data Zones,LSOADZ,25,122
30509,E01011588,Leeds 039A,Lower Super Output Areas and Data Zones,LSOADZ,26,101
30510,E01011589,Leeds 039B,Lower Super Output Areas and Data Zones,LSOADZ,16,129
30511,E01011590,Leeds 039C,Lower Super Output Areas and Data Zones,LSOADZ,20,119
30512,E01011591,Leeds 052D,Lower Super Output Areas and Data Zones,LSOADZ,20,109
30513,E01011592,Leeds 039D,Lower Super Output Areas and Data Zones,LSOADZ,11,174
30514,E01011593,Leeds 039E,Lower Super Output Areas and Data Zones,LSOADZ,34,119
30515,E01011594,Leeds 062C,Lower Super Output Areas and Data Zones,LSOADZ,33,172
30516,E01011595,Leeds 066B,Lower Super Output Areas and Data Zones,LSOADZ,41,121
30517,E01011596,Leeds 062D,Lower Super Output Areas and Data Zones,LSOADZ,19,128
30518,E01011597,Leeds 066C,Lower Super Output Areas and Data Zones,LSOADZ,35,102
30519,E01011598,Leeds 062E,Lower Super Output Areas and Data Zones,LSOADZ,24,121
30520,E01011599,Leeds 066D,Lower Super Output Areas and Data Zones,LSOADZ,29,152
30521,E01011600,Leeds 079A,Lower Super Output Areas and Data Zones,LSOADZ,23,150
30522,E01011601,Leeds 079B,Lower Super Output Areas and Data Zones,LSOADZ,31,118
30523,E01011602,Leeds 076A,Lower Super Output Areas and Data Zones,LSOADZ,22,211
30524,E01011603,Leeds 076B,Lower Super Output Areas and Data Zones,LSOADZ,9,128
30525,E01011604,Leeds 079C,Lower Super Output Areas and Data Zones,LSOADZ,16,104
30526,E01011605,Leeds 076C,Lower Super Output Areas and Data Zones,LSOADZ,15,155
30527,E01011606,Leeds 076D,Lower Super Output Areas and Data Zones,LSOADZ,44,130
30528,E01011607,Leeds 079D,Lower Super Output Areas and Data Zones,LSOADZ,41,121
30529,E01011608,Leeds 068A,Lower Super Output Areas and Data Zones,LSOADZ,25,152
30530,E01011609,Leeds 068B,Lower Super Output Areas and Data Zones,LSOADZ,35,173
30531,E01011610,Leeds 068C,Lower Super Output Areas and Data Zones,LSOADZ,24,109
30532,E01011611,Leeds 068D,Lower Super Output Areas and Data Zones,LSOADZ,42,168
30533,E01011612,Leeds 079E,Lower Super Output Areas and Data Zones,LSOADZ,14,233
30534,E01011613,Leeds 076E,Lower Super Output Areas and Data Zones,LSOADZ,29,108
30535,E01011614,Leeds 068E,Lower Super Output Areas and Data Zones,LSOADZ,35,116
30536,E01011615,Leeds 070A,Lower Super Output Areas and Data Zones,LSOADZ,28,126
30537,E01011616,Leeds 072A,Lower Super Output Areas and Data Zones,LSOADZ,32,196
30538,E01011617,Leeds 070B,Lower Super Output Areas and Data Zones,LSOADZ,47,158
30539,E01011618,Leeds 070C,Lower Super Output Areas and Data Zones,LSOADZ,42,130
30540,E01011620,Leeds 072B,Lower Super Output Areas and Data Zones,LSOADZ,37,114
30541,E01011621,Leeds 070D,Lower Super Output Areas and Data Zones,LSOADZ,30,128
30542,E01011622,Leeds 072C,Lower Super Output Areas and Data Zones,LSOADZ,56,141
30543,E01011623,Leeds 075B,Lower Super Output Areas and Data Zones,LSOADZ,38,143
30544,E01011624,Leeds 072D,Lower Super Output Areas and Data Zones,LSOADZ,53,174
30545,E01011625,Leeds 075C,Lower Super Output Areas and Data Zones,LSOADZ,33,141
30546,E01011626,Leeds 075D,Lower Super Output Areas and Data Zones,LSOADZ,46,226
30547,E01011627,Leeds 098A,Lower Super Output Areas and Data Zones,LSOADZ,35,140
30548,E01011628,Leeds 098B,Lower Super Output Areas and Data Zones,LSOADZ,19,150
30549,E01011629,Leeds 098C,Lower Super Output Areas and Data Zones,LSOADZ,19,132
30550,E01011630,Leeds 100B,Lower Super Output Areas and Data Zones,LSOADZ,37,117
30551,E01011632,Leeds 098D,Lower Super Output Areas and Data Zones,LSOADZ,45,169
30552,E01011633,Leeds 098E,Lower Super Output Areas and Data Zones,LSOADZ,22,131
30553,E01011634,Leeds 100C,Lower Super Output Areas and Data Zones,LSOADZ,24,174
30554,E01011635,Leeds 097B,Lower Super Output Areas and Data Zones,LSOADZ,25,144
30555,E01011636,Leeds 100D,Lower Super Output Areas and Data Zones,LSOADZ,21,181
30556,E01011637,Leeds 097C,Lower Super Output Areas and Data Zones,LSOADZ,26,115
30557,E01011638,Leeds 097D,Lower Super Output Areas and Data Zones,LSOADZ,25,133
30558,E01011639,Leeds 100E,Lower Super Output Areas and Data Zones,LSOADZ,37,180
30559,E01011641,Leeds 032B,Lower Super Output Areas and Data Zones,LSOADZ,22,98
30560,E01011642,Leeds 032C,Lower Super Output Areas and Data Zones,LSOADZ,28,84
30561,E01011643,Leeds 037A,Lower Super Output Areas and Data Zones,LSOADZ,20,136
30562,E01011644,Leeds 037B,Lower Super Output Areas and Data Zones,LSOADZ,21,107
30563,E01011645,Leeds 032D,Lower Super Output Areas and Data Zones,LSOADZ,21,117
30564,E01011646,Leeds 037C,Lower Super Output Areas and Data Zones,LSOADZ,33,108
30565,E01011647,Leeds 037D,Lower Super Output Areas and Data Zones,LSOADZ,50,85
30566,E01011648,Leeds 037E,Lower Super Output Areas and Data Zones,LSOADZ,31,98
30567,E01011649,Leeds 022B,Lower Super Output Areas and Data Zones,LSOADZ,15,110
30568,E01011650,Leeds 020A,Lower Super Output Areas and Data Zones,LSOADZ,24,101
30569,E01011651,Leeds 020B,Lower Super Output Areas and Data Zones,LSOADZ,24,111
30570,E01011652,Leeds 024C,Lower Super Output Areas and Data Zones,LSOADZ,26,75
30571,E01011653,Leeds 020C,Lower Super Output Areas and Data Zones,LSOADZ,16,118
30572,E01011654,Leeds 024D,Lower Super Output Areas and Data Zones,LSOADZ,26,84
30573,E01011655,Leeds 020D,Lower Super Output Areas and Data Zones,LSOADZ,12,157
30574,E01011656,Leeds 035A,Lower Super Output Areas and Data Zones,LSOADZ,40,125
30575,E01011657,Leeds 035B,Lower Super Output Areas and Data Zones,LSOADZ,31,159
30576,E01011658,Leeds 040C,Lower Super Output Areas and Data Zones,LSOADZ,32,179
30577,E01011659,Leeds 035C,Lower Super Output Areas and Data Zones,LSOADZ,31,196
30578,E01011660,Leeds 040D,Lower Super Output Areas and Data Zones,LSOADZ,29,166
30579,E01011661,Leeds 035D,Lower Super Output Areas and Data Zones,LSOADZ,32,342
30580,E01011662,Leeds 040E,Lower Super Output Areas and Data Zones,LSOADZ,40,124
30581,E01011663,Leeds 050A,Lower Super Output Areas and Data Zones,LSOADZ,54,61
30582,E01011664,Leeds 050B,Lower Super Output Areas and Data Zones,LSOADZ,30,128
30583,E01011665,Leeds 050C,Lower Super Output Areas and Data Zones,LSOADZ,30,172
30584,E01011666,Leeds 061D,Lower Super Output Areas and Data Zones,LSOADZ,21,119
30585,E01011667,Leeds 050D,Lower Super Output Areas and Data Zones,LSOADZ,65,91
30586,E01011668,Leeds 110E,Lower Super Output Areas and Data Zones,LSOADZ,9,80
30587,E01011669,Leeds 110F,Lower Super Output Areas and Data Zones,LSOADZ,12,54
30588,E01011670,Leeds 055A,Lower Super Output Areas and Data Zones,LSOADZ,45,189
30589,E01011671,Leeds 055B,Lower Super Output Areas and Data Zones,LSOADZ,51,139
30590,E01011673,Leeds 064B,Lower Super Output Areas and Data Zones,LSOADZ,35,171
30591,E01011677,Leeds 064D,Lower Super Output Areas and Data Zones,LSOADZ,36,222
30592,E01011678,Leeds 063B,Lower Super Output Areas and Data Zones,LSOADZ,7,118
30593,E01011681,Leeds 063D,Lower Super Output Areas and Data Zones,LSOADZ,28,137
30594,E01011684,Leeds 019C,Lower Super Output Areas and Data Zones,LSOADZ,34,122
30595,E01011685,Leeds 109A,Lower Super Output Areas and Data Zones,LSOADZ,11,101
30596,E01011686,Leeds 033E,Lower Super Output Areas and Data Zones,LSOADZ,49,250
30597,E01011687,Leeds 109B,Lower Super Output Areas and Data Zones,LSOADZ,22,107
30598,E01011688,Leeds 031B,Lower Super Output Areas and Data Zones,LSOADZ,39,85
30599,E01011689,Leeds 031C,Lower Super Output Areas and Data Zones,LSOADZ,16,201
30600,E01011690,Leeds 109C,Lower Super Output Areas and Data Zones,LSOADZ,9,152
30601,E01011691,Leeds 031D,Lower Super Output Areas and Data Zones,LSOADZ,37,158
30602,E01011692,Leeds 109D,Lower Super Output Areas and Data Zones,LSOADZ,12,107
30603,E01011693,Leeds 109E,Lower Super Output Areas and Data Zones,LSOADZ,6,93
30604,E01011694,Leeds 109F,Lower Super Output Areas and Data Zones,LSOADZ,13,76
30605,E01011695,Leeds 019D,Lower Super Output Areas and Data Zones,LSOADZ,55,185
30606,E01011696,Leeds 006B,Lower Super Output Areas and Data Zones,LSOADZ,24,131
30607,E01011697,Leeds 002A,Lower Super Output Areas and Data Zones,LSOADZ,19,114
30608,E01011698,Leeds 001A,Lower Super Output Areas and Data Zones,LSOADZ,33,122
30609,E01011699,Leeds 001B,Lower Super Output Areas and Data Zones,LSOADZ,14,109
30610,E01011700,Leeds 002B,Lower Super Output Areas and Data Zones,LSOADZ,14,117
30611,E01011701,Leeds 001C,Lower Super Output Areas and Data Zones,LSOADZ,18,108
30612,E01011702,Leeds 001D,Lower Super Output Areas and Data Zones,LSOADZ,12,89
30613,E01011703,Leeds 001E,Lower Super Output Areas and Data Zones,LSOADZ,12,94
30614,E01011704,Leeds 002C,Lower Super Output Areas and Data Zones,LSOADZ,7,264
30615,E01011705,Leeds 002D,Lower Super Output Areas and Data Zones,LSOADZ,33,172
30616,E01011706,Leeds 006C,Lower Super Output Areas and Data Zones,LSOADZ,12,86
30617,E01011707,Leeds 005A,Lower Super Output Areas and Data Zones,LSOADZ,18,169
30618,E01011708,Leeds 006D,Lower Super Output Areas and Data Zones,LSOADZ,23,110
30619,E01011709,Leeds 005B,Lower Super Output Areas and Data Zones,LSOADZ,22,129
30620,E01011710,Leeds 005C,Lower Super Output Areas and Data Zones,LSOADZ,16,114
30621,E01011711,Leeds 005D,Lower Super Output Areas and Data Zones,LSOADZ,17,161
30622,E01011712,Leeds 005E,Lower Super Output Areas and Data Zones,LSOADZ,17,115
30623,E01011713,Leeds 006E,Lower Super Output Areas and Data Zones,LSOADZ,39,119
30624,E01011714,Leeds 029A,Lower Super Output Areas and Data Zones,LSOADZ,26,128
30625,E01011715,Leeds 022C,Lower Super Output Areas and Data Zones,LSOADZ,20,90
30626,E01011716,Leeds 029B,Lower Super Output Areas and Data Zones,LSOADZ,25,119
30627,E01011717,Leeds 029C,Lower Super Output Areas and Data Zones,LSOADZ,30,149
30628,E01011718,Leeds 029D,Lower Super Output Areas and Data Zones,LSOADZ,34,142
30629,E01011719,Leeds 022D,Lower Super Output Areas and Data Zones,LSOADZ,22,173
30630,E01011720,Leeds 029E,Lower Super Output Areas and Data Zones,LSOADZ,24,226
30631,E01011721,Leeds 041A,Lower Super Output Areas and Data Zones,LSOADZ,41,145
30632,E01011722,Leeds 041B,Lower Super Output Areas and Data Zones,LSOADZ,46,187
30633,E01011723,Leeds 041C,Lower Super Output Areas and Data Zones,LSOADZ,31,209
30634,E01011724,Leeds 041D,Lower Super Output Areas and Data Zones,LSOADZ,45,227
30635,E01011725,Leeds 078A,Lower Super Output Areas and Data Zones,LSOADZ,60,175
30636,E01011726,Leeds 080A,Lower Super Output Areas and Data Zones,LSOADZ,44,143
30637,E01011727,Leeds 080B,Lower Super Output Areas and Data Zones,LSOADZ,24,128
30638,E01011728,Leeds 080C,Lower Super Output Areas and Data Zones,LSOADZ,32,135
30639,E01011729,Leeds 078B,Lower Super Output Areas and Data Zones,LSOADZ,26,166
30640,E01011730,Leeds 078C,Lower Super Output Areas and Data Zones,LSOADZ,41,135
30641,E01011731,Leeds 081B,Lower Super Output Areas and Data Zones,LSOADZ,28,145
30642,E01011732,Leeds 081C,Lower Super Output Areas and Data Zones,LSOADZ,35,154
30643,E01011733,Leeds 081D,Lower Super Output Areas and Data Zones,LSOADZ,15,155
30644,E01011734,Leeds 083A,Lower Super Output Areas and Data Zones,LSOADZ,37,133
30645,E01011735,Leeds 078D,Lower Super Output Areas and Data Zones,LSOADZ,45,184
30646,E01011736,Leeds 083B,Lower Super Output Areas and Data Zones,LSOADZ,28,115
30647,E01011737,Leeds 083C,Lower Super Output Areas and Data Zones,LSOADZ,33,159
30648,E01011738,Leeds 083D,Lower Super Output Areas and Data Zones,LSOADZ,13,117
30649,E01011739,Leeds 080D,Lower Super Output Areas and Data Zones,LSOADZ,40,179
50939,E01032487,Leeds 097F,Lower Super Output Areas and Data Zones,LSOADZ,33,139
50940,E01032488,Leeds 097G,Lower Super Output Areas and Data Zones,LSOADZ,29,146
50941,E01032489,Leeds 102F,Lower Super Output Areas and Data Zones,LSOADZ,29,151
50942,E01032490,Leeds 102G,Lower Super Output Areas and Data Zones,LSOADZ,17,71
50943,E01032491,Leeds 102H,Lower Super Output Areas and Data Zones,LSOADZ,28,53
50944,E01032492,Leeds 102I,Lower Super Output Areas and Data Zones,LSOADZ,27,202
50945,E01032493,Leeds 033F,Lower Super Output Areas and Data Zones,LSOADZ,16,112
50946,E01032494,Leeds 033G,Lower Super Output Areas and Data Zones,LSOADZ,52,155
50947,E01032495,Leeds 105E,Lower Super Output Areas and Data Zones,LSOADZ,62,106
50948,E01032496,Leeds 105F,Lower Super Output Areas and Data Zones,LSOADZ,23,152
50949,E01032497,Leeds 099E,Lower Super Output Areas and Data Zones,LSOADZ,44,121
50950,E01032498,Leeds 099F,Lower Super Output Areas and Data Zones,LSOADZ,19,169
50951,E01032499,Leeds 067G,Lower Super Output Areas and Data Zones,LSOADZ,25,143
50952,E01032500,Leeds 067H,Lower Super Output Areas and Data Zones,LSOADZ,18,118
50953,E01032501,Leeds 017E,Lower Super Output Areas and Data Zones,LSOADZ,18,91
50954,E01032502,Leeds 017F,Lower Super Output Areas and Data Zones,LSOADZ,48,174
50955,E01032503,Leeds 007E,Lower Super Output Areas and Data Zones,LSOADZ,15,111
50956,E01032504,Leeds 007F,Lower Super Output Areas and Data Zones,LSOADZ,20,137
51054,E01032606,Leeds 067I,Lower Super Output Areas and Data Zones,LSOADZ,38,183
51055,E01032607,Leeds 067J,Lower Super Output Areas and Data Zones,LSOADZ,14,121
51056,E01032608,Leeds 067K,Lower Super Output Areas and Data Zones,LSOADZ,25,87
51302,E01032876,Leeds 109G,Lower Super Output Areas and Data Zones,LSOADZ,14,71
51366,E01032945,Leeds 044F,Lower Super Output Areas and Data Zones,LSOADZ,11,87
51367,E01032946,Leeds 110G,Lower Super Output Areas and Data Zones,LSOADZ,10,150
51422,E01033002,Leeds 055F,Lower Super Output Areas and Data Zones,LSOADZ,14,172
51423,E01033003,Leeds 055G,Lower Super Output Areas and Data Zones,LSOADZ,14,162
51424,E01033005,Leeds 055H,Lower Super Output Areas and Data Zones,LSOADZ,25,164
51425,E01033006,Leeds 063E,Lower Super Output Areas and Data Zones,LSOADZ,13,115
51426,E01033008,Leeds 111A,Lower Super Output Areas and Data Zones,LSOADZ,1,24
51427,E01033010,Leeds 111B,Lower Super Output Areas and Data Zones,LSOADZ,0,54
51428,E01033011,Leeds 111C,Lower Super Output Areas and Data Zones,LSOADZ,0,43
51429,E01033013,Leeds 082E,Lower Super Output Areas and Data Zones,LSOADZ,16,118
51430,E01033015,Leeds 111D,Lower Super Output Areas and Data Zones,LSOADZ,2,26
51431,E01033016,Leeds 111E,Lower Super Output Areas and Data Zones,LSOADZ,0,41
51432,E01033018,Leeds 112D,Lower Super Output Areas and Data Zones,LSOADZ,3,19
51433,E01033019,Leeds 112E,Lower Super Output Areas and Data Zones,LSOADZ,4,28
51434,E01033021,Leeds 075E,Lower Super Output Areas and Data Zones,LSOADZ,19,213
51444,E01033031,Leeds 064E,Lower Super Output Areas and Data Zones,LSOADZ,11,137
51445,E01033032,Leeds 082F,Lower Super Output Areas and Data Zones,LSOADZ,14,87
51446,E01033033,Leeds 075F,Lower Super Output Areas and Data Zones,LSOADZ,3,117
51447,E01033034,Leeds 075G,Lower Super Output Areas and Data Zones,LSOADZ,1,39
51448,E01033035,Leeds 064F,Lower Super Output Areas and Data Zones,LSOADZ,38,116
